{
  "hash": "a6270e30",
  "configHash": "4f97b94a",
  "lockfileHash": "36e0cd39",
  "browserHash": "d1d1accc",
  "optimized": {
    "@angular/common/http": {
      "src": "../../../../../node_modules/@angular/common/fesm2022/http.mjs",
      "file": "@angular_common_http.js",
      "fileHash": "fb8d5144",
      "needsInterop": false
    },
    "@angular/core": {
      "src": "../../../../../node_modules/@angular/core/fesm2022/core.mjs",
      "file": "@angular_core.js",
      "fileHash": "b615180f",
      "needsInterop": false
    },
    "@angular/forms": {
      "src": "../../../../../node_modules/@angular/forms/fesm2022/forms.mjs",
      "file": "@angular_forms.js",
      "fileHash": "5cc43b70",
      "needsInterop": false
    },
    "@angular/material/button": {
      "src": "../../../../../node_modules/@angular/material/fesm2022/button.mjs",
      "file": "@angular_material_button.js",
      "fileHash": "22fa5f96",
      "needsInterop": false
    },
    "@angular/material/form-field": {
      "src": "../../../../../node_modules/@angular/material/fesm2022/form-field.mjs",
      "file": "@angular_material_form-field.js",
      "fileHash": "798eddda",
      "needsInterop": false
    },
    "@angular/material/input": {
      "src": "../../../../../node_modules/@angular/material/fesm2022/input.mjs",
      "file": "@angular_material_input.js",
      "fileHash": "01250c27",
      "needsInterop": false
    },
    "@angular/material/stepper": {
      "src": "../../../../../node_modules/@angular/material/fesm2022/stepper.mjs",
      "file": "@angular_material_stepper.js",
      "fileHash": "d15204ea",
      "needsInterop": false
    },
    "@angular/platform-browser": {
      "src": "../../../../../node_modules/@angular/platform-browser/fesm2022/platform-browser.mjs",
      "file": "@angular_platform-browser.js",
      "fileHash": "c5f6665a",
      "needsInterop": false
    },
    "@angular/platform-browser/animations": {
      "src": "../../../../../node_modules/@angular/platform-browser/fesm2022/animations.mjs",
      "file": "@angular_platform-browser_animations.js",
      "fileHash": "d5432c93",
      "needsInterop": false
    },
    "@angular/router": {
      "src": "../../../../../node_modules/@angular/router/fesm2022/router.mjs",
      "file": "@angular_router.js",
      "fileHash": "4dd20a5d",
      "needsInterop": false
    },
    "ngx-toastr": {
      "src": "../../../../../node_modules/ngx-toastr/fesm2022/ngx-toastr.mjs",
      "file": "ngx-toastr.js",
      "fileHash": "3c3d2eec",
      "needsInterop": false
    },
    "@angular/common": {
      "src": "../../../../../node_modules/@angular/common/fesm2022/common.mjs",
      "file": "@angular_common.js",
      "fileHash": "2d2c64e2",
      "needsInterop": false
    }
  },
  "chunks": {
    "chunk-KIAQMWFO": {
      "file": "chunk-KIAQMWFO.js"
    },
    "chunk-XOAPF6MA": {
      "file": "chunk-XOAPF6MA.js"
    },
    "chunk-VU6EVWJZ": {
      "file": "chunk-VU6EVWJZ.js"
    },
    "chunk-5Y6OVSSP": {
      "file": "chunk-5Y6OVSSP.js"
    },
    "chunk-IENT4IYM": {
      "file": "chunk-IENT4IYM.js"
    },
    "chunk-SJUQBJAJ": {
      "file": "chunk-SJUQBJAJ.js"
    },
    "chunk-WZARJGKN": {
      "file": "chunk-WZARJGKN.js"
    },
    "chunk-AKAYTG33": {
      "file": "chunk-AKAYTG33.js"
    }
  }
}